Compound_ID,Predictor,logP_exp,logP_pred,Delta_logP,Abs_Delta_logP,Plot_value
CMR_GOLD_001,iLOGP,2.505,3.09,-0.585,0.585,-0.585
CMR_GOLD_002,iLOGP,3.22,4.02,-0.7999999999999994,0.7999999999999994,-0.7999999999999994
CMR_GOLD_003,iLOGP,3.01,2.74,0.2699999999999996,0.2699999999999996,0.2699999999999996
CMR_GOLD_004,iLOGP,2.97,3.11,-0.13999999999999968,0.13999999999999968,-0.13999999999999968
CMR_GOLD_005,iLOGP,2.78,2.97,-0.1900000000000004,0.1900000000000004,-0.1900000000000004
CMR_GOLD_006,iLOGP,3.77,0.0,3.77,3.77,3.77
CMR_GOLD_007,iLOGP,4.88,4.13,0.75,0.75,0.75
CMR_GOLD_008,iLOGP,5.04,4.54,0.5,0.5,0.5
CMR_GOLD_009,iLOGP,5.03,4.66,0.3700000000000001,0.3700000000000001,0.3700000000000001
CMR_GOLD_010,iLOGP,4.76,4.79,-0.03000000000000025,0.03000000000000025,-0.03000000000000025
CMR_GOLD_011,iLOGP,3.93,3.73,0.20000000000000018,0.20000000000000018,0.20000000000000018
CMR_GOLD_012,iLOGP,2.37,1.36,1.01,1.01,1.01
CMR_GOLD_013,iLOGP,3.28,2.41,0.8699999999999997,0.8699999999999997,0.8699999999999997
CMR_GOLD_014,iLOGP,3.24,2.05,1.1900000000000004,1.1900000000000004,1.1900000000000004
CMR_GOLD_016,iLOGP,4.93,2.5,2.4299999999999997,2.4299999999999997,2.4299999999999997
CMR_GOLD_017,iLOGP,4.55,2.9,1.65,1.65,1.65
CMR_GOLD_018,iLOGP,3.304,3.55,-0.246,0.246,-0.246
CMR_GOLD_019,iLOGP,3.112,3.54,-0.42799999999999994,0.42799999999999994,-0.42799999999999994
CMR_GOLD_020,iLOGP,3.537,3.45,0.08699999999999974,0.08699999999999974,0.08699999999999974
CMR_GOLD_021,iLOGP,3.059,3.6,-0.5409999999999999,0.5409999999999999,-0.5409999999999999
CMR_GOLD_022,iLOGP,3.002,3.54,-0.5380000000000003,0.5380000000000003,-0.5380000000000003
CMR_GOLD_023,iLOGP,3.067,3.69,-0.6229999999999998,0.6229999999999998,-0.6229999999999998
CMR_GOLD_024,iLOGP,3.602,3.67,-0.06800000000000006,0.06800000000000006,-0.06800000000000006
CMR_GOLD_025,iLOGP,3.336,3.91,-0.5740000000000003,0.5740000000000003,-0.5740000000000003
CMR_GOLD_026,iLOGP,3.04,2.77,0.27,0.27,0.27
CMR_GOLD_027,iLOGP,0.45,2.06,-1.61,1.61,-1.61
CMR_GOLD_028,iLOGP,0.6,2.55,-1.9499999999999997,1.9499999999999997,-1.9499999999999997
CMR_GOLD_029,iLOGP,0.55,2.5,-1.95,1.95,-1.95
CMR_GOLD_030,iLOGP,0.61,2.89,-2.2800000000000002,2.2800000000000002,-2.2800000000000002
CMR_GOLD_031,iLOGP,0.49,2.4,-1.91,1.91,-1.91
CMR_GOLD_032,iLOGP,0.65,2.72,-2.0700000000000003,2.0700000000000003,-2.0700000000000003
CMR_GOLD_033,iLOGP,0.48,3.51,-3.03,3.03,-3.03
CMR_GOLD_034,iLOGP,0.49,3.08,-2.59,2.59,-2.59
CMR_GOLD_035,iLOGP,0.61,4.49,-3.8800000000000003,3.8800000000000003,-3.8800000000000003
CMR_GOLD_036,iLOGP,0.58,3.25,-2.67,2.67,-2.67
CMR_GOLD_037,iLOGP,2.58,2.23,0.3500000000000001,0.3500000000000001,0.3500000000000001
CMR_GOLD_038,iLOGP,2.89,2.7,0.18999999999999995,0.18999999999999995,0.18999999999999995
CMR_GOLD_039,iLOGP,2.78,2.59,0.18999999999999995,0.18999999999999995,0.18999999999999995
CMR_GOLD_040,iLOGP,0.22,1.73,-1.51,1.51,-1.51
CMR_GOLD_041,iLOGP,1.0,1.58,-0.5800000000000001,0.5800000000000001,-0.5800000000000001
CMR_GOLD_042,iLOGP,3.63,2.36,1.27,1.27,1.27
CMR_GOLD_043,iLOGP,1.95,1.99,-0.040000000000000036,0.040000000000000036,-0.040000000000000036
CMR_GOLD_044,iLOGP,2.12,2.36,-0.23999999999999977,0.23999999999999977,-0.23999999999999977
CMR_GOLD_045,iLOGP,3.22,2.96,0.26000000000000023,0.26000000000000023,0.26000000000000023
CMR_GOLD_046,iLOGP,2.98,3.3,-0.31999999999999984,0.31999999999999984,-0.31999999999999984
CMR_GOLD_047,iLOGP,1.98,1.43,0.55,0.55,0.55
CMR_GOLD_048,iLOGP,1.93,1.79,0.1399999999999999,0.1399999999999999,0.1399999999999999
CMR_GOLD_049,iLOGP,2.45,2.4,0.050000000000000266,0.050000000000000266,0.050000000000000266
CMR_GOLD_050,iLOGP,2.7,2.65,0.050000000000000266,0.050000000000000266,0.050000000000000266
CMR_GOLD_051,iLOGP,3.03,2.69,0.33999999999999986,0.33999999999999986,0.33999999999999986
CMR_GOLD_052,iLOGP,2.16,2.44,-0.2799999999999998,0.2799999999999998,-0.2799999999999998
CMR_GOLD_053,iLOGP,3.07,3.23,-0.16000000000000014,0.16000000000000014,-0.16000000000000014
CMR_GOLD_054,iLOGP,3.04,3.06,-0.020000000000000018,0.020000000000000018,-0.020000000000000018
CMR_GOLD_055,iLOGP,1.39,1.75,-0.3600000000000001,0.3600000000000001,-0.3600000000000001
CMR_GOLD_056,iLOGP,0.42,1.75,-1.33,1.33,-1.33
CMR_GOLD_057,iLOGP,1.365,4.08,-2.715,2.715,-2.715
CMR_GOLD_058,iLOGP,0.9664,5.06,-4.0935999999999995,4.0935999999999995,-4.0935999999999995
CMR_GOLD_059,iLOGP,1.67,2.01,-0.33999999999999986,0.33999999999999986,-0.33999999999999986
CMR_GOLD_060,iLOGP,1.93,2.22,-0.29000000000000026,0.29000000000000026,-0.29000000000000026
CMR_GOLD_061,iLOGP,2.0,2.29,-0.29000000000000004,0.29000000000000004,-0.29000000000000004
CMR_GOLD_062,iLOGP,3.14,2.72,0.41999999999999993,0.41999999999999993,0.41999999999999993
CMR_GOLD_063,iLOGP,1.412,-3.33,4.742,4.742,4.742
CMR_GOLD_064,iLOGP,1.63,-2.3,3.9299999999999997,3.9299999999999997,3.9299999999999997
CMR_GOLD_065,iLOGP,1.58,-2.53,4.109999999999999,4.109999999999999,4.109999999999999
CMR_GOLD_066,iLOGP,0.826,-3.09,3.916,3.916,3.916
CMR_GOLD_067,iLOGP,0.645,-3.35,3.995,3.995,3.995
CMR_GOLD_068,iLOGP,1.501,-2.57,4.071,4.071,4.071
CMR_GOLD_069,iLOGP,1.806,-2.91,4.716,4.716,4.716
CMR_GOLD_070,iLOGP,1.22,-3.35,4.57,4.57,4.57
CMR_GOLD_071,iLOGP,1.421,-2.35,3.771,3.771,3.771
CMR_GOLD_072,iLOGP,1.471,-2.38,3.851,3.851,3.851
CMR_GOLD_073,iLOGP,2.07,4.03,-1.9600000000000004,1.9600000000000004,-1.9600000000000004
CMR_GOLD_074,iLOGP,2.43,3.83,-1.4,1.4,-1.4
CMR_GOLD_075,iLOGP,2.65,3.84,-1.19,1.19,-1.19
CMR_GOLD_076,iLOGP,2.52,3.64,-1.12,1.12,-1.12
CMR_GOLD_077,iLOGP,2.8,4.89,-2.09,2.09,-2.09
CMR_GOLD_078,iLOGP,2.25,2.52,-0.27,0.27,-0.27
CMR_GOLD_079,iLOGP,2.02,1.89,0.13000000000000012,0.13000000000000012,0.13000000000000012
CMR_GOLD_080,iLOGP,1.9,1.95,-0.050000000000000044,0.050000000000000044,-0.050000000000000044
CMR_GOLD_081,iLOGP,1.95,2.53,-0.5799999999999998,0.5799999999999998,-0.5799999999999998
CMR_GOLD_082,iLOGP,2.65,2.75,-0.10000000000000009,0.10000000000000009,-0.10000000000000009
CMR_GOLD_083,iLOGP,2.38,2.76,-0.3799999999999999,0.3799999999999999,-0.3799999999999999
CMR_GOLD_084,iLOGP,2.65,2.34,0.31000000000000005,0.31000000000000005,0.31000000000000005
CMR_GOLD_085,iLOGP,2.41,2.16,0.25,0.25,0.25
CMR_GOLD_086,iLOGP,2.61,2.88,-0.27,0.27,-0.27
CMR_GOLD_087,iLOGP,2.64,3.15,-0.5099999999999998,0.5099999999999998,-0.5099999999999998
CMR_GOLD_088,iLOGP,1.498,3.48,-1.982,1.982,-1.982
CMR_GOLD_089,iLOGP,1.503,3.24,-1.7370000000000003,1.7370000000000003,-1.7370000000000003
CMR_GOLD_090,iLOGP,2.152,3.26,-1.1079999999999997,1.1079999999999997,-1.1079999999999997
CMR_GOLD_091,iLOGP,1.718,3.77,-2.052,2.052,-2.052
CMR_GOLD_092,iLOGP,1.779,3.57,-1.791,1.791,-1.791
CMR_GOLD_093,iLOGP,2.288,3.74,-1.4520000000000004,1.4520000000000004,-1.4520000000000004
CMR_GOLD_094,iLOGP,1.295,3.25,-1.955,1.955,-1.955
CMR_GOLD_095,iLOGP,2.454,3.14,-0.6859999999999999,0.6859999999999999,-0.6859999999999999
CMR_GOLD_096,iLOGP,1.443,3.23,-1.787,1.787,-1.787
CMR_GOLD_001,XLOGP3,2.505,3.16,-0.6550000000000002,0.6550000000000002,-0.6550000000000002
CMR_GOLD_002,XLOGP3,3.22,3.5,-0.2799999999999998,0.2799999999999998,-0.2799999999999998
CMR_GOLD_003,XLOGP3,3.01,2.71,0.2999999999999998,0.2999999999999998,0.2999999999999998
CMR_GOLD_004,XLOGP3,2.97,2.71,0.26000000000000023,0.26000000000000023,0.26000000000000023
CMR_GOLD_005,XLOGP3,2.78,2.8,-0.020000000000000018,0.020000000000000018,-0.020000000000000018
CMR_GOLD_006,XLOGP3,3.77,3.2,0.5699999999999998,0.5699999999999998,0.5699999999999998
CMR_GOLD_007,XLOGP3,4.88,6.96,-2.08,2.08,-2.08
CMR_GOLD_008,XLOGP3,5.04,7.69,-2.6500000000000004,2.6500000000000004,-2.6500000000000004
CMR_GOLD_009,XLOGP3,5.03,7.69,-2.66,2.66,-2.66
CMR_GOLD_010,XLOGP3,4.76,6.94,-2.1800000000000006,2.1800000000000006,-2.1800000000000006
CMR_GOLD_011,XLOGP3,3.93,5.89,-1.9599999999999995,1.9599999999999995,-1.9599999999999995
CMR_GOLD_012,XLOGP3,2.37,1.27,1.1,1.1,1.1
CMR_GOLD_013,XLOGP3,3.28,2.7,0.5799999999999996,0.5799999999999996,0.5799999999999996
CMR_GOLD_014,XLOGP3,3.24,1.98,1.2600000000000002,1.2600000000000002,1.2600000000000002
CMR_GOLD_016,XLOGP3,4.93,2.0,2.9299999999999997,2.9299999999999997,2.9299999999999997
CMR_GOLD_017,XLOGP3,4.55,1.38,3.17,3.17,3.17
CMR_GOLD_018,XLOGP3,3.304,4.73,-1.4260000000000006,1.4260000000000006,-1.4260000000000006
CMR_GOLD_019,XLOGP3,3.112,5.42,-2.308,2.308,-2.308
CMR_GOLD_020,XLOGP3,3.537,5.29,-1.7530000000000001,1.7530000000000001,-1.7530000000000001
CMR_GOLD_021,XLOGP3,3.059,5.29,-2.231,2.231,-2.231
CMR_GOLD_022,XLOGP3,3.002,5.92,-2.918,2.918,-2.918
CMR_GOLD_023,XLOGP3,3.067,5.36,-2.293,2.293,-2.293
CMR_GOLD_024,XLOGP3,3.602,5.66,-2.0580000000000003,2.0580000000000003,-2.0580000000000003
CMR_GOLD_025,XLOGP3,3.336,5.79,-2.454,2.454,-2.454
CMR_GOLD_026,XLOGP3,3.04,3.62,-0.5800000000000001,0.5800000000000001,-0.5800000000000001
CMR_GOLD_027,XLOGP3,0.45,0.89,-0.44,0.44,-0.44
CMR_GOLD_028,XLOGP3,0.6,2.0,-1.4,1.4,-1.4
CMR_GOLD_029,XLOGP3,0.55,2.32,-1.7699999999999998,1.7699999999999998,-1.7699999999999998
CMR_GOLD_030,XLOGP3,0.61,3.05,-2.44,2.44,-2.44
CMR_GOLD_031,XLOGP3,0.49,3.28,-2.79,2.79,-2.79
CMR_GOLD_032,XLOGP3,0.65,-0.05,0.7000000000000001,0.7000000000000001,0.7000000000000001
CMR_GOLD_033,XLOGP3,0.48,2.18,-1.7000000000000002,1.7000000000000002,-1.7000000000000002
CMR_GOLD_034,XLOGP3,0.49,2.82,-2.33,2.33,-2.33
CMR_GOLD_035,XLOGP3,0.61,4.28,-3.6700000000000004,3.6700000000000004,-3.6700000000000004
CMR_GOLD_036,XLOGP3,0.58,4.74,-4.16,4.16,-4.16
CMR_GOLD_037,XLOGP3,2.58,3.56,-0.98,0.98,-0.98
CMR_GOLD_038,XLOGP3,2.89,3.92,-1.0299999999999998,1.0299999999999998,-1.0299999999999998
CMR_GOLD_039,XLOGP3,2.78,3.81,-1.0300000000000002,1.0300000000000002,-1.0300000000000002
CMR_GOLD_040,XLOGP3,0.22,1.66,-1.44,1.44,-1.44
CMR_GOLD_041,XLOGP3,1.0,0.87,0.13,0.13,0.13
CMR_GOLD_042,XLOGP3,3.63,3.24,0.3899999999999997,0.3899999999999997,0.3899999999999997
CMR_GOLD_043,XLOGP3,1.95,1.34,0.6099999999999999,0.6099999999999999,0.6099999999999999
CMR_GOLD_044,XLOGP3,2.12,1.74,0.3800000000000001,0.3800000000000001,0.3800000000000001
CMR_GOLD_045,XLOGP3,3.22,3.0,0.2200000000000002,0.2200000000000002,0.2200000000000002
CMR_GOLD_046,XLOGP3,2.98,2.97,0.009999999999999787,0.009999999999999787,0.009999999999999787
CMR_GOLD_047,XLOGP3,1.98,1.16,0.8200000000000001,0.8200000000000001,0.8200000000000001
CMR_GOLD_048,XLOGP3,1.93,1.59,0.33999999999999986,0.33999999999999986,0.33999999999999986
CMR_GOLD_049,XLOGP3,2.45,2.9,-0.44999999999999973,0.44999999999999973,-0.44999999999999973
CMR_GOLD_050,XLOGP3,2.7,3.33,-0.6299999999999999,0.6299999999999999,-0.6299999999999999
CMR_GOLD_051,XLOGP3,3.03,3.47,-0.4400000000000004,0.4400000000000004,-0.4400000000000004
CMR_GOLD_052,XLOGP3,2.16,2.55,-0.3899999999999997,0.3899999999999997,-0.3899999999999997
CMR_GOLD_053,XLOGP3,3.07,2.97,0.09999999999999964,0.09999999999999964,0.09999999999999964
CMR_GOLD_054,XLOGP3,3.04,3.06,-0.020000000000000018,0.020000000000000018,-0.020000000000000018
CMR_GOLD_055,XLOGP3,1.39,1.39,0.0,0.0,0.0
CMR_GOLD_056,XLOGP3,0.42,1.39,-0.97,0.97,-0.97
CMR_GOLD_057,XLOGP3,1.365,5.61,-4.245,4.245,-4.245
CMR_GOLD_058,XLOGP3,0.9664,7.08,-6.1136,6.1136,-6.1136
CMR_GOLD_059,XLOGP3,1.67,1.67,0.0,0.0,0.0
CMR_GOLD_060,XLOGP3,1.93,2.0,-0.07000000000000006,0.07000000000000006,-0.07000000000000006
CMR_GOLD_061,XLOGP3,2.0,1.93,0.07000000000000006,0.07000000000000006,0.07000000000000006
CMR_GOLD_062,XLOGP3,3.14,3.14,0.0,0.0,0.0
CMR_GOLD_063,XLOGP3,1.412,4.89,-3.4779999999999998,3.4779999999999998,-3.4779999999999998
CMR_GOLD_064,XLOGP3,1.63,5.59,-3.96,3.96,-3.96
CMR_GOLD_065,XLOGP3,1.58,5.59,-4.01,4.01,-4.01
CMR_GOLD_066,XLOGP3,0.826,4.54,-3.714,3.714,-3.714
CMR_GOLD_067,XLOGP3,0.645,4.54,-3.895,3.895,-3.895
CMR_GOLD_068,XLOGP3,1.501,5.52,-4.019,4.019,-4.019
CMR_GOLD_069,XLOGP3,1.806,5.26,-3.4539999999999997,3.4539999999999997,-3.4539999999999997
CMR_GOLD_070,XLOGP3,1.22,3.82,-2.5999999999999996,2.5999999999999996,-2.5999999999999996
CMR_GOLD_071,XLOGP3,1.421,5.73,-4.309,4.309,-4.309
CMR_GOLD_072,XLOGP3,1.471,6.35,-4.879,4.879,-4.879
CMR_GOLD_073,XLOGP3,2.07,3.08,-1.0100000000000002,1.0100000000000002,-1.0100000000000002
CMR_GOLD_074,XLOGP3,2.43,3.73,-1.2999999999999998,1.2999999999999998,-1.2999999999999998
CMR_GOLD_075,XLOGP3,2.65,4.61,-1.9600000000000004,1.9600000000000004,-1.9600000000000004
CMR_GOLD_076,XLOGP3,2.52,3.4,-0.8799999999999999,0.8799999999999999,-0.8799999999999999
CMR_GOLD_077,XLOGP3,2.8,5.47,-2.67,2.67,-2.67
CMR_GOLD_078,XLOGP3,2.25,2.35,-0.10000000000000009,0.10000000000000009,-0.10000000000000009
CMR_GOLD_079,XLOGP3,2.02,2.55,-0.5299999999999998,0.5299999999999998,-0.5299999999999998
CMR_GOLD_080,XLOGP3,1.9,2.12,-0.2200000000000002,0.2200000000000002,-0.2200000000000002
CMR_GOLD_081,XLOGP3,1.95,1.97,-0.020000000000000018,0.020000000000000018,-0.020000000000000018
CMR_GOLD_082,XLOGP3,2.65,2.39,0.2599999999999998,0.2599999999999998,0.2599999999999998
CMR_GOLD_083,XLOGP3,2.38,2.93,-0.5500000000000003,0.5500000000000003,-0.5500000000000003
CMR_GOLD_084,XLOGP3,2.65,3.12,-0.4700000000000002,0.4700000000000002,-0.4700000000000002
CMR_GOLD_085,XLOGP3,2.41,2.69,-0.2799999999999998,0.2799999999999998,-0.2799999999999998
CMR_GOLD_086,XLOGP3,2.61,2.54,0.06999999999999984,0.06999999999999984,0.06999999999999984
CMR_GOLD_087,XLOGP3,2.64,2.97,-0.33000000000000007,0.33000000000000007,-0.33000000000000007
CMR_GOLD_088,XLOGP3,1.498,3.95,-2.452,2.452,-2.452
CMR_GOLD_089,XLOGP3,1.503,3.98,-2.4770000000000003,2.4770000000000003,-2.4770000000000003
CMR_GOLD_090,XLOGP3,2.152,3.98,-1.8279999999999998,1.8279999999999998,-1.8279999999999998
CMR_GOLD_091,XLOGP3,1.718,5.21,-3.492,3.492,-3.492
CMR_GOLD_092,XLOGP3,1.779,5.24,-3.4610000000000003,3.4610000000000003,-3.4610000000000003
CMR_GOLD_093,XLOGP3,2.288,5.24,-2.9520000000000004,2.9520000000000004,-2.9520000000000004
CMR_GOLD_094,XLOGP3,1.295,3.58,-2.285,2.285,-2.285
CMR_GOLD_095,XLOGP3,2.454,3.61,-1.1559999999999997,1.1559999999999997,-1.1559999999999997
CMR_GOLD_096,XLOGP3,1.443,3.61,-2.167,2.167,-2.167
CMR_GOLD_001,WLOGP,2.505,4.5,-1.995,1.995,-1.995
CMR_GOLD_002,WLOGP,3.22,2.81,0.41000000000000014,0.41000000000000014,0.41000000000000014
CMR_GOLD_003,WLOGP,3.01,2.21,0.7999999999999998,0.7999999999999998,0.7999999999999998
CMR_GOLD_004,WLOGP,2.97,2.21,0.7600000000000002,0.7600000000000002,0.7600000000000002
CMR_GOLD_005,WLOGP,2.78,2.11,0.6699999999999999,0.6699999999999999,0.6699999999999999
CMR_GOLD_006,WLOGP,3.77,1.76,2.01,2.01,2.01
CMR_GOLD_007,WLOGP,4.88,6.92,-2.04,2.04,-2.04
CMR_GOLD_008,WLOGP,5.04,7.53,-2.49,2.49,-2.49
CMR_GOLD_009,WLOGP,5.03,7.53,-2.5,2.5,-2.5
CMR_GOLD_010,WLOGP,4.76,6.93,-2.17,2.17,-2.17
CMR_GOLD_011,WLOGP,3.93,6.31,-2.3799999999999994,2.3799999999999994,-2.3799999999999994
CMR_GOLD_012,WLOGP,2.37,1.5,0.8700000000000001,0.8700000000000001,0.8700000000000001
CMR_GOLD_013,WLOGP,3.28,3.61,-0.33000000000000007,0.33000000000000007,-0.33000000000000007
CMR_GOLD_014,WLOGP,3.24,3.52,-0.2799999999999998,0.2799999999999998,-0.2799999999999998
CMR_GOLD_016,WLOGP,4.93,3.01,1.92,1.92,1.92
CMR_GOLD_017,WLOGP,4.55,3.09,1.46,1.46,1.46
CMR_GOLD_018,WLOGP,3.304,5.34,-2.036,2.036,-2.036
CMR_GOLD_019,WLOGP,3.112,6.11,-2.998,2.998,-2.998
CMR_GOLD_020,WLOGP,3.537,5.73,-2.1930000000000005,2.1930000000000005,-2.1930000000000005
CMR_GOLD_021,WLOGP,3.059,5.89,-2.8309999999999995,2.8309999999999995,-2.8309999999999995
CMR_GOLD_022,WLOGP,3.002,6.54,-3.5380000000000003,3.5380000000000003,-3.5380000000000003
CMR_GOLD_023,WLOGP,3.067,6.0,-2.933,2.933,-2.933
CMR_GOLD_024,WLOGP,3.602,6.2,-2.5980000000000003,2.5980000000000003,-2.5980000000000003
CMR_GOLD_025,WLOGP,3.336,6.42,-3.084,3.084,-3.084
CMR_GOLD_026,WLOGP,3.04,4.04,-1.0,1.0,-1.0
CMR_GOLD_027,WLOGP,0.45,1.13,-0.6799999999999999,0.6799999999999999,-0.6799999999999999
CMR_GOLD_028,WLOGP,0.6,2.29,-1.69,1.69,-1.69
CMR_GOLD_029,WLOGP,0.55,2.89,-2.34,2.34,-2.34
CMR_GOLD_030,WLOGP,0.61,3.51,-2.9,2.9,-2.9
CMR_GOLD_031,WLOGP,0.49,3.51,-3.0199999999999996,3.0199999999999996,-3.0199999999999996
CMR_GOLD_032,WLOGP,0.65,0.16,0.49,0.49,0.49
CMR_GOLD_033,WLOGP,0.48,2.47,-1.9900000000000002,1.9900000000000002,-1.9900000000000002
CMR_GOLD_034,WLOGP,0.49,3.68,-3.1900000000000004,3.1900000000000004,-3.1900000000000004
CMR_GOLD_035,WLOGP,0.61,4.91,-4.3,4.3,-4.3
CMR_GOLD_036,WLOGP,0.58,4.92,-4.34,4.34,-4.34
CMR_GOLD_037,WLOGP,2.58,3.5,-0.9199999999999999,0.9199999999999999,-0.9199999999999999
CMR_GOLD_038,WLOGP,2.89,3.81,-0.9199999999999999,0.9199999999999999,-0.9199999999999999
CMR_GOLD_039,WLOGP,2.78,3.5,-0.7200000000000002,0.7200000000000002,-0.7200000000000002
CMR_GOLD_040,WLOGP,0.22,2.01,-1.7899999999999998,1.7899999999999998,-1.7899999999999998
CMR_GOLD_041,WLOGP,1.0,0.98,0.020000000000000018,0.020000000000000018,0.020000000000000018
CMR_GOLD_042,WLOGP,3.63,3.05,0.5800000000000001,0.5800000000000001,0.5800000000000001
CMR_GOLD_043,WLOGP,1.95,1.84,0.10999999999999988,0.10999999999999988,0.10999999999999988
CMR_GOLD_044,WLOGP,2.12,2.15,-0.029999999999999805,0.029999999999999805,-0.029999999999999805
CMR_GOLD_045,WLOGP,3.22,3.51,-0.2899999999999996,0.2899999999999996,-0.2899999999999996
CMR_GOLD_046,WLOGP,2.98,3.52,-0.54,0.54,-0.54
CMR_GOLD_047,WLOGP,1.98,0.27,1.71,1.71,1.71
CMR_GOLD_048,WLOGP,1.93,0.66,1.27,1.27,1.27
CMR_GOLD_049,WLOGP,2.45,2.19,0.26000000000000023,0.26000000000000023,0.26000000000000023
CMR_GOLD_050,WLOGP,2.7,2.58,0.1200000000000001,0.1200000000000001,0.1200000000000001
CMR_GOLD_051,WLOGP,3.03,3.97,-0.9400000000000004,0.9400000000000004,-0.9400000000000004
CMR_GOLD_052,WLOGP,2.16,2.67,-0.5099999999999998,0.5099999999999998,-0.5099999999999998
CMR_GOLD_053,WLOGP,3.07,3.52,-0.4500000000000002,0.4500000000000002,-0.4500000000000002
CMR_GOLD_054,WLOGP,3.04,2.5,0.54,0.54,0.54
CMR_GOLD_055,WLOGP,1.39,1.79,-0.40000000000000013,0.40000000000000013,-0.40000000000000013
CMR_GOLD_056,WLOGP,0.42,2.25,-1.83,1.83,-1.83
CMR_GOLD_057,WLOGP,1.365,5.44,-4.075,4.075,-4.075
CMR_GOLD_058,WLOGP,0.9664,7.0,-6.0336,6.0336,-6.0336
CMR_GOLD_059,WLOGP,1.67,2.54,-0.8700000000000001,0.8700000000000001,-0.8700000000000001
CMR_GOLD_060,WLOGP,1.93,2.55,-0.6199999999999999,0.6199999999999999,-0.6199999999999999
CMR_GOLD_061,WLOGP,2.0,2.55,-0.5499999999999998,0.5499999999999998,-0.5499999999999998
CMR_GOLD_062,WLOGP,3.14,3.46,-0.31999999999999984,0.31999999999999984,-0.31999999999999984
CMR_GOLD_063,WLOGP,1.412,2.05,-0.6379999999999999,0.6379999999999999,-0.6379999999999999
CMR_GOLD_064,WLOGP,1.63,2.81,-1.1800000000000002,1.1800000000000002,-1.1800000000000002
CMR_GOLD_065,WLOGP,1.58,2.81,-1.23,1.23,-1.23
CMR_GOLD_066,WLOGP,0.826,1.75,-0.924,0.924,-0.924
CMR_GOLD_067,WLOGP,0.645,1.75,-1.105,1.105,-1.105
CMR_GOLD_068,WLOGP,1.501,2.7,-1.1990000000000003,1.1990000000000003,-1.1990000000000003
CMR_GOLD_069,WLOGP,1.806,2.36,-0.5539999999999998,0.5539999999999998,-0.5539999999999998
CMR_GOLD_070,WLOGP,1.22,1.44,-0.21999999999999997,0.21999999999999997,-0.21999999999999997
CMR_GOLD_071,WLOGP,1.421,2.73,-1.309,1.309,-1.309
CMR_GOLD_072,WLOGP,1.471,3.39,-1.919,1.919,-1.919
CMR_GOLD_073,WLOGP,2.07,4.11,-2.0400000000000005,2.0400000000000005,-2.0400000000000005
CMR_GOLD_074,WLOGP,2.43,4.26,-1.8299999999999996,1.8299999999999996,-1.8299999999999996
CMR_GOLD_075,WLOGP,2.65,5.5,-2.85,2.85,-2.85
CMR_GOLD_076,WLOGP,2.52,4.62,-2.1,2.1,-2.1
CMR_GOLD_077,WLOGP,2.8,6.73,-3.9300000000000006,3.9300000000000006,-3.9300000000000006
CMR_GOLD_078,WLOGP,2.25,2.15,0.10000000000000009,0.10000000000000009,0.10000000000000009
CMR_GOLD_079,WLOGP,2.02,1.86,0.15999999999999992,0.15999999999999992,0.15999999999999992
CMR_GOLD_080,WLOGP,1.9,1.99,-0.09000000000000008,0.09000000000000008,-0.09000000000000008
CMR_GOLD_081,WLOGP,1.95,1.87,0.07999999999999985,0.07999999999999985,0.07999999999999985
CMR_GOLD_082,WLOGP,2.65,2.16,0.48999999999999977,0.48999999999999977,0.48999999999999977
CMR_GOLD_083,WLOGP,2.38,2.58,-0.20000000000000018,0.20000000000000018,-0.20000000000000018
CMR_GOLD_084,WLOGP,2.65,2.28,0.3700000000000001,0.3700000000000001,0.3700000000000001
CMR_GOLD_085,WLOGP,2.41,2.42,-0.009999999999999787,0.009999999999999787,-0.009999999999999787
CMR_GOLD_086,WLOGP,2.61,2.29,0.31999999999999984,0.31999999999999984,0.31999999999999984
CMR_GOLD_087,WLOGP,2.64,2.58,0.06000000000000005,0.06000000000000005,0.06000000000000005
CMR_GOLD_088,WLOGP,1.498,2.73,-1.232,1.232,-1.232
CMR_GOLD_089,WLOGP,1.503,2.72,-1.2170000000000003,1.2170000000000003,-1.2170000000000003
CMR_GOLD_090,WLOGP,2.152,2.72,-0.5680000000000001,0.5680000000000001,-0.5680000000000001
CMR_GOLD_091,WLOGP,1.718,3.86,-2.142,2.142,-2.142
CMR_GOLD_092,WLOGP,1.779,3.85,-2.071,2.071,-2.071
CMR_GOLD_093,WLOGP,2.288,3.85,-1.5620000000000003,1.5620000000000003,-1.5620000000000003
CMR_GOLD_094,WLOGP,1.295,2.34,-1.045,1.045,-1.045
CMR_GOLD_095,WLOGP,2.454,2.33,0.12400000000000011,0.12400000000000011,0.12400000000000011
CMR_GOLD_096,WLOGP,1.443,2.33,-0.887,0.887,-0.887
CMR_GOLD_001,MLOGP,2.505,2.81,-0.30500000000000016,0.30500000000000016,-0.30500000000000016
CMR_GOLD_002,MLOGP,3.22,1.81,1.4100000000000001,1.4100000000000001,1.4100000000000001
CMR_GOLD_003,MLOGP,3.01,0.87,2.1399999999999997,2.1399999999999997,2.1399999999999997
CMR_GOLD_004,MLOGP,2.97,0.87,2.1,2.1,2.1
CMR_GOLD_005,MLOGP,2.78,1.28,1.4999999999999998,1.4999999999999998,1.4999999999999998
CMR_GOLD_006,MLOGP,3.77,1.66,2.1100000000000003,2.1100000000000003,2.1100000000000003
CMR_GOLD_007,MLOGP,4.88,5.16,-0.28000000000000025,0.28000000000000025,-0.28000000000000025
CMR_GOLD_008,MLOGP,5.04,5.55,-0.5099999999999998,0.5099999999999998,-0.5099999999999998
CMR_GOLD_009,MLOGP,5.03,5.55,-0.5199999999999996,0.5199999999999996,-0.5199999999999996
CMR_GOLD_010,MLOGP,4.76,4.81,-0.04999999999999982,0.04999999999999982,-0.04999999999999982
CMR_GOLD_011,MLOGP,3.93,4.15,-0.2200000000000002,0.2200000000000002,-0.2200000000000002
CMR_GOLD_012,MLOGP,2.37,1.04,1.33,1.33,1.33
CMR_GOLD_013,MLOGP,3.28,2.51,0.77,0.77,0.77
CMR_GOLD_014,MLOGP,3.24,1.55,1.6900000000000002,1.6900000000000002,1.6900000000000002
CMR_GOLD_016,MLOGP,4.93,1.87,3.0599999999999996,3.0599999999999996,3.0599999999999996
CMR_GOLD_017,MLOGP,4.55,1.69,2.86,2.86,2.86
CMR_GOLD_018,MLOGP,3.304,3.27,0.03399999999999981,0.03399999999999981,0.03399999999999981
CMR_GOLD_019,MLOGP,3.112,3.58,-0.46799999999999997,0.46799999999999997,-0.46799999999999997
CMR_GOLD_020,MLOGP,3.537,3.35,0.18699999999999983,0.18699999999999983,0.18699999999999983
CMR_GOLD_021,MLOGP,3.059,3.64,-0.581,0.581,-0.581
CMR_GOLD_022,MLOGP,3.002,3.85,-0.8480000000000003,0.8480000000000003,-0.8480000000000003
CMR_GOLD_023,MLOGP,3.067,3.74,-0.673,0.673,-0.673
CMR_GOLD_024,MLOGP,3.602,3.58,0.021999999999999797,0.021999999999999797,0.021999999999999797
CMR_GOLD_025,MLOGP,3.336,3.78,-0.44399999999999995,0.44399999999999995,-0.44399999999999995
CMR_GOLD_026,MLOGP,3.04,3.2,-0.16000000000000014,0.16000000000000014,-0.16000000000000014
CMR_GOLD_027,MLOGP,0.45,0.84,-0.38999999999999996,0.38999999999999996,-0.38999999999999996
CMR_GOLD_028,MLOGP,0.6,2.16,-1.56,1.56,-1.56
CMR_GOLD_029,MLOGP,0.55,1.97,-1.42,1.42,-1.42
CMR_GOLD_030,MLOGP,0.61,2.41,-1.8000000000000003,1.8000000000000003,-1.8000000000000003
CMR_GOLD_031,MLOGP,0.49,2.24,-1.7500000000000002,1.7500000000000002,-1.7500000000000002
CMR_GOLD_032,MLOGP,0.65,-0.11,0.76,0.76,0.76
CMR_GOLD_033,MLOGP,0.48,2.3,-1.8199999999999998,1.8199999999999998,-1.8199999999999998
CMR_GOLD_034,MLOGP,0.49,1.77,-1.28,1.28,-1.28
CMR_GOLD_035,MLOGP,0.61,2.51,-1.9,1.9,-1.9
CMR_GOLD_036,MLOGP,0.58,2.3,-1.7199999999999998,1.7199999999999998,-1.7199999999999998
CMR_GOLD_037,MLOGP,2.58,3.37,-0.79,0.79,-0.79
CMR_GOLD_038,MLOGP,2.89,3.61,-0.7199999999999998,0.7199999999999998,-0.7199999999999998
CMR_GOLD_039,MLOGP,2.78,3.33,-0.5500000000000003,0.5500000000000003,-0.5500000000000003
CMR_GOLD_040,MLOGP,0.22,1.24,-1.02,1.02,-1.02
CMR_GOLD_041,MLOGP,1.0,1.7,-0.7,0.7,-0.7
CMR_GOLD_042,MLOGP,3.63,2.61,1.02,1.02,1.02
CMR_GOLD_043,MLOGP,1.95,1.38,0.5700000000000001,0.5700000000000001,0.5700000000000001
CMR_GOLD_044,MLOGP,2.12,1.66,0.4600000000000002,0.4600000000000002,0.4600000000000002
CMR_GOLD_045,MLOGP,3.22,3.0,0.2200000000000002,0.2200000000000002,0.2200000000000002
CMR_GOLD_046,MLOGP,2.98,2.69,0.29000000000000004,0.29000000000000004,0.29000000000000004
CMR_GOLD_047,MLOGP,1.98,1.9,0.08000000000000007,0.08000000000000007,0.08000000000000007
CMR_GOLD_048,MLOGP,1.93,2.18,-0.2500000000000002,0.2500000000000002,-0.2500000000000002
CMR_GOLD_049,MLOGP,2.45,3.51,-1.0599999999999996,1.0599999999999996,-1.0599999999999996
CMR_GOLD_050,MLOGP,2.7,3.75,-1.0499999999999998,1.0499999999999998,-1.0499999999999998
CMR_GOLD_051,MLOGP,3.03,2.93,0.09999999999999964,0.09999999999999964,0.09999999999999964
CMR_GOLD_052,MLOGP,2.16,3.2,-1.04,1.04,-1.04
CMR_GOLD_053,MLOGP,3.07,2.29,0.7799999999999998,0.7799999999999998,0.7799999999999998
CMR_GOLD_054,MLOGP,3.04,3.2,-0.16000000000000014,0.16000000000000014,-0.16000000000000014
CMR_GOLD_055,MLOGP,1.39,1.65,-0.26,0.26,-0.26
CMR_GOLD_056,MLOGP,0.42,1.65,-1.23,1.23,-1.23
CMR_GOLD_057,MLOGP,1.365,3.21,-1.845,1.845,-1.845
CMR_GOLD_058,MLOGP,0.9664,4.0,-3.0336,3.0336,-3.0336
CMR_GOLD_059,MLOGP,1.67,1.48,0.18999999999999995,0.18999999999999995,0.18999999999999995
CMR_GOLD_060,MLOGP,1.93,1.18,0.75,0.75,0.75
CMR_GOLD_061,MLOGP,2.0,1.18,0.8200000000000001,0.8200000000000001,0.8200000000000001
CMR_GOLD_062,MLOGP,3.14,2.29,0.8500000000000001,0.8500000000000001,0.8500000000000001
CMR_GOLD_063,MLOGP,1.412,3.84,-2.428,2.428,-2.428
CMR_GOLD_064,MLOGP,1.63,4.44,-2.8100000000000005,2.8100000000000005,-2.8100000000000005
CMR_GOLD_065,MLOGP,1.58,4.44,-2.8600000000000003,2.8600000000000003,-2.8600000000000003
CMR_GOLD_066,MLOGP,0.826,3.31,-2.484,2.484,-2.484
CMR_GOLD_067,MLOGP,0.645,3.31,-2.665,2.665,-2.665
CMR_GOLD_068,MLOGP,1.501,4.33,-2.829,2.829,-2.829
CMR_GOLD_069,MLOGP,1.806,4.06,-2.2539999999999996,2.2539999999999996,-2.2539999999999996
CMR_GOLD_070,MLOGP,1.22,2.82,-1.5999999999999999,1.5999999999999999,-1.5999999999999999
CMR_GOLD_071,MLOGP,1.421,3.75,-2.3289999999999997,2.3289999999999997,-2.3289999999999997
CMR_GOLD_072,MLOGP,1.471,4.23,-2.7590000000000003,2.7590000000000003,-2.7590000000000003
CMR_GOLD_073,MLOGP,2.07,1.92,0.1499999999999999,0.1499999999999999,0.1499999999999999
CMR_GOLD_074,MLOGP,2.43,2.38,0.050000000000000266,0.050000000000000266,0.050000000000000266
CMR_GOLD_075,MLOGP,2.65,3.21,-0.56,0.56,-0.56
CMR_GOLD_076,MLOGP,2.52,2.87,-0.3500000000000001,0.3500000000000001,-0.3500000000000001
CMR_GOLD_077,MLOGP,2.8,3.48,-0.6800000000000002,0.6800000000000002,-0.6800000000000002
CMR_GOLD_078,MLOGP,2.25,2.19,0.06000000000000005,0.06000000000000005,0.06000000000000005
CMR_GOLD_079,MLOGP,2.02,1.67,0.3500000000000001,0.3500000000000001,0.3500000000000001
CMR_GOLD_080,MLOGP,1.9,1.3,0.5999999999999999,0.5999999999999999,0.5999999999999999
CMR_GOLD_081,MLOGP,1.95,1.39,0.56,0.56,0.56
CMR_GOLD_082,MLOGP,2.65,1.49,1.16,1.16,1.16
CMR_GOLD_083,MLOGP,2.38,2.6,-0.2200000000000002,0.2200000000000002,-0.2200000000000002
CMR_GOLD_084,MLOGP,2.65,2.08,0.5699999999999998,0.5699999999999998,0.5699999999999998
CMR_GOLD_085,MLOGP,2.41,1.71,0.7000000000000002,0.7000000000000002,0.7000000000000002
CMR_GOLD_086,MLOGP,2.61,1.8,0.8099999999999998,0.8099999999999998,0.8099999999999998
CMR_GOLD_087,MLOGP,2.64,1.9,0.7400000000000002,0.7400000000000002,0.7400000000000002
CMR_GOLD_088,MLOGP,1.498,1.17,0.32800000000000007,0.32800000000000007,0.32800000000000007
CMR_GOLD_089,MLOGP,1.503,1.48,0.02299999999999991,0.02299999999999991,0.02299999999999991
CMR_GOLD_090,MLOGP,2.152,1.48,0.6720000000000002,0.6720000000000002,0.6720000000000002
CMR_GOLD_091,MLOGP,1.718,2.01,-0.2919999999999998,0.2919999999999998,-0.2919999999999998
CMR_GOLD_092,MLOGP,1.779,2.33,-0.5510000000000002,0.5510000000000002,-0.5510000000000002
CMR_GOLD_093,MLOGP,2.288,2.33,-0.04200000000000026,0.04200000000000026,-0.04200000000000026
CMR_GOLD_094,MLOGP,1.295,0.95,0.345,0.345,0.345
CMR_GOLD_095,MLOGP,2.454,1.25,1.2040000000000002,1.2040000000000002,1.2040000000000002
CMR_GOLD_096,MLOGP,1.443,1.25,0.19300000000000006,0.19300000000000006,0.19300000000000006
CMR_GOLD_001,Silicos-IT,2.505,5.14,-2.635,2.635,-2.635
CMR_GOLD_002,Silicos-IT,3.22,3.54,-0.31999999999999984,0.31999999999999984,-0.31999999999999984
CMR_GOLD_003,Silicos-IT,3.01,2.64,0.36999999999999966,0.36999999999999966,0.36999999999999966
CMR_GOLD_004,Silicos-IT,2.97,2.64,0.33000000000000007,0.33000000000000007,0.33000000000000007
CMR_GOLD_005,Silicos-IT,2.78,1.69,1.0899999999999999,1.0899999999999999,1.0899999999999999
CMR_GOLD_006,Silicos-IT,3.77,2.88,0.8900000000000001,0.8900000000000001,0.8900000000000001
CMR_GOLD_007,Silicos-IT,4.88,6.47,-1.5899999999999999,1.5899999999999999,-1.5899999999999999
CMR_GOLD_008,Silicos-IT,5.04,7.54,-2.5,2.5,-2.5
CMR_GOLD_009,Silicos-IT,5.03,7.54,-2.51,2.51,-2.51
CMR_GOLD_010,Silicos-IT,4.76,6.54,-1.7800000000000002,1.7800000000000002,-1.7800000000000002
CMR_GOLD_011,Silicos-IT,3.93,5.89,-1.9599999999999995,1.9599999999999995,-1.9599999999999995
CMR_GOLD_012,Silicos-IT,2.37,1.97,0.40000000000000013,0.40000000000000013,0.40000000000000013
CMR_GOLD_013,Silicos-IT,3.28,4.36,-1.0800000000000005,1.0800000000000005,-1.0800000000000005
CMR_GOLD_014,Silicos-IT,3.24,2.19,1.0500000000000003,1.0500000000000003,1.0500000000000003
CMR_GOLD_016,Silicos-IT,4.93,3.91,1.0199999999999996,1.0199999999999996,1.0199999999999996
CMR_GOLD_017,Silicos-IT,4.55,3.97,0.5799999999999996,0.5799999999999996,0.5799999999999996
CMR_GOLD_018,Silicos-IT,3.304,5.91,-2.6060000000000003,2.6060000000000003,-2.6060000000000003
CMR_GOLD_019,Silicos-IT,3.112,6.58,-3.468,3.468,-3.468
CMR_GOLD_020,Silicos-IT,3.537,6.23,-2.6930000000000005,2.6930000000000005,-2.6930000000000005
CMR_GOLD_021,Silicos-IT,3.059,6.51,-3.4509999999999996,3.4509999999999996,-3.4509999999999996
CMR_GOLD_022,Silicos-IT,3.002,7.15,-4.148000000000001,4.148000000000001,-4.148000000000001
CMR_GOLD_023,Silicos-IT,3.067,6.55,-3.4829999999999997,3.4829999999999997,-3.4829999999999997
CMR_GOLD_024,Silicos-IT,3.602,7.03,-3.4280000000000004,3.4280000000000004,-3.4280000000000004
CMR_GOLD_025,Silicos-IT,3.336,7.1,-3.764,3.764,-3.764
CMR_GOLD_026,Silicos-IT,3.04,4.44,-1.4000000000000004,1.4000000000000004,-1.4000000000000004
CMR_GOLD_027,Silicos-IT,0.45,1.71,-1.26,1.26,-1.26
CMR_GOLD_028,Silicos-IT,0.6,2.73,-2.13,2.13,-2.13
CMR_GOLD_029,Silicos-IT,0.55,3.29,-2.74,2.74,-2.74
CMR_GOLD_030,Silicos-IT,0.61,4.34,-3.73,3.73,-3.73
CMR_GOLD_031,Silicos-IT,0.49,4.44,-3.95,3.95,-3.95
CMR_GOLD_032,Silicos-IT,0.65,0.57,0.08000000000000007,0.08000000000000007,0.08000000000000007
CMR_GOLD_033,Silicos-IT,0.48,2.6,-2.12,2.12,-2.12
CMR_GOLD_034,Silicos-IT,0.49,3.74,-3.25,3.25,-3.25
CMR_GOLD_035,Silicos-IT,0.61,5.91,-5.3,5.3,-5.3
CMR_GOLD_036,Silicos-IT,0.58,6.04,-5.46,5.46,-5.46
CMR_GOLD_037,Silicos-IT,2.58,3.41,-0.8300000000000001,0.8300000000000001,-0.8300000000000001
CMR_GOLD_038,Silicos-IT,2.89,3.92,-1.0299999999999998,1.0299999999999998,-1.0299999999999998
CMR_GOLD_039,Silicos-IT,2.78,3.51,-0.73,0.73,-0.73
CMR_GOLD_040,Silicos-IT,0.22,2.85,-2.63,2.63,-2.63
CMR_GOLD_041,Silicos-IT,1.0,1.66,-0.6599999999999999,0.6599999999999999,-0.6599999999999999
CMR_GOLD_042,Silicos-IT,3.63,3.56,0.06999999999999984,0.06999999999999984,0.06999999999999984
CMR_GOLD_043,Silicos-IT,1.95,2.36,-0.4099999999999999,0.4099999999999999,-0.4099999999999999
CMR_GOLD_044,Silicos-IT,2.12,2.82,-0.6999999999999997,0.6999999999999997,-0.6999999999999997
CMR_GOLD_045,Silicos-IT,3.22,3.83,-0.6099999999999999,0.6099999999999999,-0.6099999999999999
CMR_GOLD_046,Silicos-IT,2.98,3.84,-0.8599999999999999,0.8599999999999999,-0.8599999999999999
CMR_GOLD_047,Silicos-IT,1.98,2.49,-0.5100000000000002,0.5100000000000002,-0.5100000000000002
CMR_GOLD_048,Silicos-IT,1.93,2.53,-0.5999999999999999,0.5999999999999999,-0.5999999999999999
CMR_GOLD_049,Silicos-IT,2.45,3.38,-0.9299999999999997,0.9299999999999997,-0.9299999999999997
CMR_GOLD_050,Silicos-IT,2.7,3.46,-0.7599999999999998,0.7599999999999998,-0.7599999999999998
CMR_GOLD_051,Silicos-IT,3.03,4.36,-1.3300000000000005,1.3300000000000005,-1.3300000000000005
CMR_GOLD_052,Silicos-IT,2.16,1.97,0.19000000000000017,0.19000000000000017,0.19000000000000017
CMR_GOLD_053,Silicos-IT,3.07,3.84,-0.77,0.77,-0.77
CMR_GOLD_054,Silicos-IT,3.04,3.88,-0.8399999999999999,0.8399999999999999,-0.8399999999999999
CMR_GOLD_055,Silicos-IT,1.39,2.5,-1.11,1.11,-1.11
CMR_GOLD_056,Silicos-IT,0.42,2.5,-2.08,2.08,-2.08
CMR_GOLD_057,Silicos-IT,1.365,6.05,-4.685,4.685,-4.685
CMR_GOLD_058,Silicos-IT,0.9664,7.68,-6.7136,6.7136,-6.7136
CMR_GOLD_059,Silicos-IT,1.67,2.91,-1.2400000000000002,1.2400000000000002,-1.2400000000000002
CMR_GOLD_060,Silicos-IT,1.93,2.88,-0.95,0.95,-0.95
CMR_GOLD_061,Silicos-IT,2.0,2.88,-0.8799999999999999,0.8799999999999999,-0.8799999999999999
CMR_GOLD_062,Silicos-IT,3.14,4.32,-1.1800000000000002,1.1800000000000002,-1.1800000000000002
CMR_GOLD_063,Silicos-IT,1.412,4.25,-2.838,2.838,-2.838
CMR_GOLD_064,Silicos-IT,1.63,4.92,-3.29,3.29,-3.29
CMR_GOLD_065,Silicos-IT,1.58,4.92,-3.34,3.34,-3.34
CMR_GOLD_066,Silicos-IT,0.826,3.76,-2.9339999999999997,2.9339999999999997,-2.9339999999999997
CMR_GOLD_067,Silicos-IT,0.645,3.76,-3.1149999999999998,3.1149999999999998,-3.1149999999999998
CMR_GOLD_068,Silicos-IT,1.501,4.88,-3.379,3.379,-3.379
CMR_GOLD_069,Silicos-IT,1.806,4.75,-2.944,2.944,-2.944
CMR_GOLD_070,Silicos-IT,1.22,3.69,-2.4699999999999998,2.4699999999999998,-2.4699999999999998
CMR_GOLD_071,Silicos-IT,1.421,4.79,-3.3689999999999998,3.3689999999999998,-3.3689999999999998
CMR_GOLD_072,Silicos-IT,1.471,5.43,-3.9589999999999996,3.9589999999999996,-3.9589999999999996
CMR_GOLD_073,Silicos-IT,2.07,3.81,-1.7400000000000002,1.7400000000000002,-1.7400000000000002
CMR_GOLD_074,Silicos-IT,2.43,4.58,-2.15,2.15,-2.15
CMR_GOLD_075,Silicos-IT,2.65,4.75,-2.1,2.1,-2.1
CMR_GOLD_076,Silicos-IT,2.52,4.52,-1.9999999999999996,1.9999999999999996,-1.9999999999999996
CMR_GOLD_077,Silicos-IT,2.8,6.23,-3.4300000000000006,3.4300000000000006,-3.4300000000000006
CMR_GOLD_078,Silicos-IT,2.25,2.38,-0.1299999999999999,0.1299999999999999,-0.1299999999999999
CMR_GOLD_079,Silicos-IT,2.02,1.9,0.1200000000000001,0.1200000000000001,0.1200000000000001
CMR_GOLD_080,Silicos-IT,1.9,0.6,1.2999999999999998,1.2999999999999998,1.2999999999999998
CMR_GOLD_081,Silicos-IT,1.95,1.96,-0.010000000000000009,0.010000000000000009,-0.010000000000000009
CMR_GOLD_082,Silicos-IT,2.65,2.56,0.08999999999999986,0.08999999999999986,0.08999999999999986
CMR_GOLD_083,Silicos-IT,2.38,2.7,-0.3200000000000003,0.3200000000000003,-0.3200000000000003
CMR_GOLD_084,Silicos-IT,2.65,2.22,0.4299999999999997,0.4299999999999997,0.4299999999999997
CMR_GOLD_085,Silicos-IT,2.41,0.92,1.4900000000000002,1.4900000000000002,1.4900000000000002
CMR_GOLD_086,Silicos-IT,2.61,2.27,0.33999999999999986,0.33999999999999986,0.33999999999999986
CMR_GOLD_087,Silicos-IT,2.64,2.88,-0.23999999999999977,0.23999999999999977,-0.23999999999999977
CMR_GOLD_088,Silicos-IT,1.498,3.66,-2.162,2.162,-2.162
CMR_GOLD_089,Silicos-IT,1.503,3.59,-2.0869999999999997,2.0869999999999997,-2.0869999999999997
CMR_GOLD_090,Silicos-IT,2.152,3.59,-1.4379999999999997,1.4379999999999997,-1.4379999999999997
CMR_GOLD_091,Silicos-IT,1.718,4.74,-3.0220000000000002,3.0220000000000002,-3.0220000000000002
CMR_GOLD_092,Silicos-IT,1.779,4.67,-2.891,2.891,-2.891
CMR_GOLD_093,Silicos-IT,2.288,4.67,-2.382,2.382,-2.382
CMR_GOLD_094,Silicos-IT,1.295,3.42,-2.125,2.125,-2.125
CMR_GOLD_095,Silicos-IT,2.454,3.35,-0.8959999999999999,0.8959999999999999,-0.8959999999999999
CMR_GOLD_096,Silicos-IT,1.443,3.35,-1.907,1.907,-1.907
CMR_GOLD_001,Consensus,2.505,3.74,-1.2350000000000003,1.2350000000000003,-1.2350000000000003
CMR_GOLD_002,Consensus,3.22,3.14,0.08000000000000007,0.08000000000000007,0.08000000000000007
CMR_GOLD_003,Consensus,3.01,2.23,0.7799999999999998,0.7799999999999998,0.7799999999999998
CMR_GOLD_004,Consensus,2.97,2.31,0.6600000000000001,0.6600000000000001,0.6600000000000001
CMR_GOLD_005,Consensus,2.78,2.17,0.6099999999999999,0.6099999999999999,0.6099999999999999
CMR_GOLD_006,Consensus,3.77,1.9,1.87,1.87,1.87
CMR_GOLD_007,Consensus,4.88,5.93,-1.0499999999999998,1.0499999999999998,-1.0499999999999998
CMR_GOLD_008,Consensus,5.04,6.57,-1.5300000000000002,1.5300000000000002,-1.5300000000000002
CMR_GOLD_009,Consensus,5.03,6.59,-1.5599999999999996,1.5599999999999996,-1.5599999999999996
CMR_GOLD_010,Consensus,4.76,6.0,-1.2400000000000002,1.2400000000000002,-1.2400000000000002
CMR_GOLD_011,Consensus,3.93,5.19,-1.2600000000000002,1.2600000000000002,-1.2600000000000002
CMR_GOLD_012,Consensus,2.37,1.43,0.9400000000000002,0.9400000000000002,0.9400000000000002
CMR_GOLD_013,Consensus,3.28,3.12,0.1599999999999997,0.1599999999999997,0.1599999999999997
CMR_GOLD_014,Consensus,3.24,2.26,0.9800000000000004,0.9800000000000004,0.9800000000000004
CMR_GOLD_016,Consensus,4.93,2.66,2.2699999999999996,2.2699999999999996,2.2699999999999996
CMR_GOLD_017,Consensus,4.55,2.61,1.94,1.94,1.94
CMR_GOLD_018,Consensus,3.304,4.56,-1.2559999999999998,1.2559999999999998,-1.2559999999999998
CMR_GOLD_019,Consensus,3.112,5.05,-1.9379999999999997,1.9379999999999997,-1.9379999999999997
CMR_GOLD_020,Consensus,3.537,4.81,-1.2729999999999997,1.2729999999999997,-1.2729999999999997
CMR_GOLD_021,Consensus,3.059,4.99,-1.931,1.931,-1.931
CMR_GOLD_022,Consensus,3.002,5.4,-2.3980000000000006,2.3980000000000006,-2.3980000000000006
CMR_GOLD_023,Consensus,3.067,5.07,-2.003,2.003,-2.003
CMR_GOLD_024,Consensus,3.602,5.23,-1.6280000000000006,1.6280000000000006,-1.6280000000000006
CMR_GOLD_025,Consensus,3.336,5.4,-2.0640000000000005,2.0640000000000005,-2.0640000000000005
CMR_GOLD_026,Consensus,3.04,3.61,-0.5699999999999998,0.5699999999999998,-0.5699999999999998
CMR_GOLD_027,Consensus,0.45,1.33,-0.8800000000000001,0.8800000000000001,-0.8800000000000001
CMR_GOLD_028,Consensus,0.6,2.35,-1.75,1.75,-1.75
CMR_GOLD_029,Consensus,0.55,2.59,-2.04,2.04,-2.04
CMR_GOLD_030,Consensus,0.61,3.24,-2.6300000000000003,2.6300000000000003,-2.6300000000000003
CMR_GOLD_031,Consensus,0.49,3.17,-2.6799999999999997,2.6799999999999997,-2.6799999999999997
CMR_GOLD_032,Consensus,0.65,0.66,-0.010000000000000009,0.010000000000000009,-0.010000000000000009
CMR_GOLD_033,Consensus,0.48,2.61,-2.13,2.13,-2.13
CMR_GOLD_034,Consensus,0.49,3.02,-2.5300000000000002,2.5300000000000002,-2.5300000000000002
CMR_GOLD_035,Consensus,0.61,4.42,-3.81,3.81,-3.81
CMR_GOLD_036,Consensus,0.58,4.25,-3.67,3.67,-3.67
CMR_GOLD_037,Consensus,2.58,3.22,-0.6400000000000001,0.6400000000000001,-0.6400000000000001
CMR_GOLD_038,Consensus,2.89,3.59,-0.6999999999999997,0.6999999999999997,-0.6999999999999997
CMR_GOLD_039,Consensus,2.78,3.35,-0.5700000000000003,0.5700000000000003,-0.5700000000000003
CMR_GOLD_040,Consensus,0.22,1.9,-1.68,1.68,-1.68
CMR_GOLD_041,Consensus,1.0,1.36,-0.3600000000000001,0.3600000000000001,-0.3600000000000001
CMR_GOLD_042,Consensus,3.63,2.96,0.6699999999999999,0.6699999999999999,0.6699999999999999
CMR_GOLD_043,Consensus,1.95,1.78,0.16999999999999993,0.16999999999999993,0.16999999999999993
CMR_GOLD_044,Consensus,2.12,2.15,-0.029999999999999805,0.029999999999999805,-0.029999999999999805
CMR_GOLD_045,Consensus,3.22,3.26,-0.03999999999999959,0.03999999999999959,-0.03999999999999959
CMR_GOLD_046,Consensus,2.98,3.27,-0.29000000000000004,0.29000000000000004,-0.29000000000000004
CMR_GOLD_047,Consensus,1.98,1.45,0.53,0.53,0.53
CMR_GOLD_048,Consensus,1.93,1.75,0.17999999999999994,0.17999999999999994,0.17999999999999994
CMR_GOLD_049,Consensus,2.45,2.88,-0.4299999999999997,0.4299999999999997,-0.4299999999999997
CMR_GOLD_050,Consensus,2.7,3.15,-0.44999999999999973,0.44999999999999973,-0.44999999999999973
CMR_GOLD_051,Consensus,3.03,3.48,-0.4500000000000002,0.4500000000000002,-0.4500000000000002
CMR_GOLD_052,Consensus,2.16,2.57,-0.4099999999999997,0.4099999999999997,-0.4099999999999997
CMR_GOLD_053,Consensus,3.07,3.17,-0.10000000000000009,0.10000000000000009,-0.10000000000000009
CMR_GOLD_054,Consensus,3.04,3.14,-0.10000000000000009,0.10000000000000009,-0.10000000000000009
CMR_GOLD_055,Consensus,1.39,1.82,-0.43000000000000016,0.43000000000000016,-0.43000000000000016
CMR_GOLD_056,Consensus,0.42,1.82,-1.4000000000000001,1.4000000000000001,-1.4000000000000001
CMR_GOLD_057,Consensus,1.365,4.88,-3.5149999999999997,3.5149999999999997,-3.5149999999999997
CMR_GOLD_058,Consensus,0.9664,6.16,-5.1936,5.1936,-5.1936
CMR_GOLD_059,Consensus,1.67,2.12,-0.4500000000000002,0.4500000000000002,-0.4500000000000002
CMR_GOLD_060,Consensus,1.93,2.16,-0.2300000000000002,0.2300000000000002,-0.2300000000000002
CMR_GOLD_061,Consensus,2.0,2.16,-0.16000000000000014,0.16000000000000014,-0.16000000000000014
CMR_GOLD_062,Consensus,3.14,3.19,-0.04999999999999982,0.04999999999999982,-0.04999999999999982
CMR_GOLD_063,Consensus,1.412,2.34,-0.9279999999999999,0.9279999999999999,-0.9279999999999999
CMR_GOLD_064,Consensus,1.63,3.09,-1.46,1.46,-1.46
CMR_GOLD_065,Consensus,1.58,3.05,-1.4699999999999998,1.4699999999999998,-1.4699999999999998
CMR_GOLD_066,Consensus,0.826,2.05,-1.2239999999999998,1.2239999999999998,-1.2239999999999998
CMR_GOLD_067,Consensus,0.645,2.0,-1.355,1.355,-1.355
CMR_GOLD_068,Consensus,1.501,2.97,-1.4690000000000003,1.4690000000000003,-1.4690000000000003
CMR_GOLD_069,Consensus,1.806,2.7,-0.8940000000000001,0.8940000000000001,-0.8940000000000001
CMR_GOLD_070,Consensus,1.22,1.68,-0.45999999999999996,0.45999999999999996,-0.45999999999999996
CMR_GOLD_071,Consensus,1.421,2.93,-1.5090000000000001,1.5090000000000001,-1.5090000000000001
CMR_GOLD_072,Consensus,1.471,3.4,-1.9289999999999998,1.9289999999999998,-1.9289999999999998
CMR_GOLD_073,Consensus,2.07,3.39,-1.3200000000000003,1.3200000000000003,-1.3200000000000003
CMR_GOLD_074,Consensus,2.43,3.76,-1.3299999999999996,1.3299999999999996,-1.3299999999999996
CMR_GOLD_075,Consensus,2.65,4.38,-1.73,1.73,-1.73
CMR_GOLD_076,Consensus,2.52,3.81,-1.29,1.29,-1.29
CMR_GOLD_077,Consensus,2.8,5.36,-2.5600000000000005,2.5600000000000005,-2.5600000000000005
CMR_GOLD_078,Consensus,2.25,2.32,-0.06999999999999984,0.06999999999999984,-0.06999999999999984
CMR_GOLD_079,Consensus,2.02,1.97,0.050000000000000044,0.050000000000000044,0.050000000000000044
CMR_GOLD_080,Consensus,1.9,1.59,0.30999999999999983,0.30999999999999983,0.30999999999999983
CMR_GOLD_081,Consensus,1.95,1.94,0.010000000000000009,0.010000000000000009,0.010000000000000009
CMR_GOLD_082,Consensus,2.65,2.27,0.3799999999999999,0.3799999999999999,0.3799999999999999
CMR_GOLD_083,Consensus,2.38,2.72,-0.3400000000000003,0.3400000000000003,-0.3400000000000003
CMR_GOLD_084,Consensus,2.65,2.41,0.23999999999999977,0.23999999999999977,0.23999999999999977
CMR_GOLD_085,Consensus,2.41,1.98,0.43000000000000016,0.43000000000000016,0.43000000000000016
CMR_GOLD_086,Consensus,2.61,2.36,0.25,0.25,0.25
CMR_GOLD_087,Consensus,2.64,2.7,-0.06000000000000005,0.06000000000000005,-0.06000000000000005
CMR_GOLD_088,Consensus,1.498,3.0,-1.502,1.502,-1.502
CMR_GOLD_089,Consensus,1.503,3.0,-1.497,1.497,-1.497
CMR_GOLD_090,Consensus,2.152,3.0,-0.8479999999999999,0.8479999999999999,-0.8479999999999999
CMR_GOLD_091,Consensus,1.718,3.92,-2.202,2.202,-2.202
CMR_GOLD_092,Consensus,1.779,3.93,-2.1510000000000002,2.1510000000000002,-2.1510000000000002
CMR_GOLD_093,Consensus,2.288,3.97,-1.6820000000000004,1.6820000000000004,-1.6820000000000004
CMR_GOLD_094,Consensus,1.295,2.71,-1.415,1.415,-1.415
CMR_GOLD_095,Consensus,2.454,2.74,-0.28600000000000003,0.28600000000000003,-0.28600000000000003
CMR_GOLD_096,Consensus,1.443,2.75,-1.307,1.307,-1.307
